entity_id	business_name	business_address	country
S3-00001	Blue Horizon Technologies	2400 Peachtree Rd NW Atlanta GA 30309	US
S3-00002	Starlight Media Group	8500 Wilshire Blvd Beverly Hills CA 90211	US
S3-00003	Ironclad Construction	2400 Peachtree Rd NW Atlanta GA 30309	US
S3-00004	pacific coast marketing	500 Michigan Ave Chicago IL 60611	US
S3-00005	TATA CONSULTANCY SERVICES	Plot 42 Electronic City Phase 1 Hosur Road Bengaluru Karnataka 560100	India
S3-00006	Reliance Retail Enterprises	Bandra Kurla Complex G Block Bandra East Mumbai Maharashtra 400051	India
S3-00007	mahindra aerospace ltd	Hi-Tech City Madhapur Near Cyber Towers Hyderabad Telangana 500081	India
S3-00008	Adani Logistics Solutions	Salt Lake Sector V Block EP GP Bidhannagar Kolkata West Bengal 700091	India
S3-00009	Larsen & Toubro Engineering	DLF Cyber City Tower B Sector 24 Gurugram Haryana 122002	India
